passage_id,passage_title,passage_text,level,question,options,answer,explanation
p1,The night shift,"Mara works nights at a bakery on the edge of town. She starts at eleven and finishes at seven, just as the first customers come in for their rolls. The hours suit her. She says the bakery at two in the morning is the quietest place she knows, and that she gets more done between midnight and four than most people manage all day. The one thing she misses is going out on a Friday.",B1,When does Mara finish work?,At eleven|At seven|At midnight,At seven,"The text says she finishes at seven."
p1,,,,Why does Mara like her job?,The pay is good|The hours are quiet|She works with friends,The hours are quiet,"She calls the bakery the quietest place she knows and says the hours suit her."
p1,,,,What does Mara not like about the job?,Missing Friday nights out|The early start|The customers,Missing Friday nights out,"The last sentence says the one thing she misses is going out on a Friday."
p2,A short walk,"When Tomas moved to the city he decided to walk to work instead of taking the tram. It added twenty five minutes to his morning, which he resented at first. After a month he noticed he was sleeping better and arriving in a better mood. He now walks in almost every day, though he still takes the tram when it rains hard.",B1,How did Tomas travel to work before?,By tram|By bicycle|On foot,By tram,"He decided to walk instead of taking the tram, so the tram came first."
p2,,,,How did he feel about the walk at the start?,Pleased|Annoyed|Indifferent,Annoyed,"The text says he resented the extra twenty five minutes at first."
p2,,,,When does Tomas still use the tram?,In heavy rain|In winter|When he is late,In heavy rain,"He takes the tram when it rains hard."
p3,The lost library book,"A library in Norwich received a book through the post last spring, forty one years after it was borrowed. There was no name on the parcel, only a short note apologising for the delay and a ten pound coin taped to the inside cover. The librarians decided not to charge a fine. They put the book back on the shelf, where it was borrowed again within a week.",B2,How long had the book been missing?,Four years|Fourteen years|Forty one years,Forty one years,"The text says forty one years after it was borrowed."
p3,,,,What was sent with the book?,A note and a coin|A letter and a cheque|Nothing,A note and a coin,"The parcel held a short note and a ten pound coin."
p3,,,,What did the library do about the fine?,Charged it in full|Waived it|Reduced it,Waived it,"The librarians decided not to charge a fine, which means they waived it."
p3,,,,What happened to the book afterwards?,It was thrown away|It was put on display|It was borrowed again,It was borrowed again,"It went back on the shelf and was borrowed again within a week."
